{
  "dev": {
    "awscloudformation": {
      "AuthRoleName": "amplify-amplifyapp-dev-231944-authRole",
      "UnauthRoleArn": "arn:aws:iam::868245384224:role/amplify-amplifyapp-dev-231944-unauthRole",
      "AuthRoleArn": "arn:aws:iam::868245384224:role/amplify-amplifyapp-dev-231944-authRole",
      "Region": "us-east-1",
      "DeploymentBucketName": "amplify-amplifyapp-dev-231944-deployment",
      "UnauthRoleName": "amplify-amplifyapp-dev-231944-unauthRole",
      "StackName": "amplify-amplifyapp-dev-231944",
      "StackId": "arn:aws:cloudformation:us-east-1:868245384224:stack/amplify-amplifyapp-dev-231944/1c7dcbf0-1c49-11ed-b25b-1219120307ff",
      "AmplifyAppId": "d3lbzx5pr3pfzc"
    },
    "categories": {
      "auth": {
        "amplifyapp1c53a742": {}
      }
    }
  }
}