{
  "providers": {
    "awscloudformation": {
      "AuthRoleName": "amplify-amplifyapp-dev-231944-authRole",
      "UnauthRoleArn": "arn:aws:iam::868245384224:role/amplify-amplifyapp-dev-231944-unauthRole",
      "AuthRoleArn": "arn:aws:iam::868245384224:role/amplify-amplifyapp-dev-231944-authRole",
      "Region": "us-east-1",
      "DeploymentBucketName": "amplify-amplifyapp-dev-231944-deployment",
      "UnauthRoleName": "amplify-amplifyapp-dev-231944-unauthRole",
      "StackName": "amplify-amplifyapp-dev-231944",
      "StackId": "arn:aws:cloudformation:us-east-1:868245384224:stack/amplify-amplifyapp-dev-231944/1c7dcbf0-1c49-11ed-b25b-1219120307ff",
      "AmplifyAppId": "d3lbzx5pr3pfzc"
    }
  },
  "api": {
    "amplifyapp": {
      "service": "AppSync",
      "providerPlugin": "awscloudformation",
      "dependsOn": [
        {
          "category": "auth",
          "resourceName": "amplifyapp1c53a742",
          "attributes": [
            "UserPoolId"
          ]
        }
      ],
      "output": {
        "authConfig": {
          "defaultAuthentication": {
            "authenticationType": "API_KEY",
            "apiKeyConfig": {
              "apiKeyExpirationDays": 7
            }
          },
          "additionalAuthenticationProviders": [
            {
              "authenticationType": "AMAZON_COGNITO_USER_POOLS",
              "userPoolConfig": {
                "userPoolId": "authamplifyapp1c53a742"
              }
            }
          ]
        },
        "GraphQLAPIIdOutput": "rth2ee46uva7bduoo47i4w4xpi",
        "GraphQLAPIEndpointOutput": "https://cc6oynatujcpnnrbdlgqzoz2k4.appsync-api.us-east-1.amazonaws.com/graphql",
        "GraphQLAPIKeyOutput": "da2-jtzrylpz3nefhmj7acadpwzpju"
      },
      "lastPushTimeStamp": "2022-08-15T03:29:20.049Z",
      "providerMetadata": {
        "s3TemplateURL": "https://s3.amazonaws.com/amplify-amplifyapp-dev-231944-deployment/amplify-cfn-templates/api/cloudformation-template.json",
        "logicalId": "apiamplifyapp"
      },
      "lastPushDirHash": "um3wEKKbzNeZGwhfEegvgMF9qUg="
    }
  },
  "auth": {
    "amplifyapp1c53a742": {
      "service": "Cognito",
      "providerPlugin": "awscloudformation",
      "dependsOn": [],
      "customAuth": false,
      "frontendAuthConfig": {
        "socialProviders": [],
        "usernameAttributes": [],
        "signupAttributes": [
          "EMAIL"
        ],
        "passwordProtectionSettings": {
          "passwordPolicyMinLength": 8,
          "passwordPolicyCharacters": []
        },
        "mfaConfiguration": "OFF",
        "mfaTypes": [
          "SMS"
        ],
        "verificationMechanisms": [
          "EMAIL"
        ]
      },
      "providerMetadata": {
        "s3TemplateURL": "https://s3.amazonaws.com/amplify-amplifyapp-dev-231944-deployment/amplify-cfn-templates/auth/amplifyapp1c53a742-cloudformation-template.json",
        "logicalId": "authamplifyapp1c53a742"
      },
      "lastPushTimeStamp": "2022-08-15T03:29:20.049Z",
      "output": {
        "UserPoolId": "us-east-1_OgWevs9vy",
        "AppClientIDWeb": "68jk5smpmssm2bvvujifulatv3",
        "AppClientID": "l9n1lgudi70aa9jk28o4k4t6n",
        "IdentityPoolId": "us-east-1:f5371d43-c26c-48d1-a646-f690b5be9d62",
        "UserPoolArn": "arn:aws:cognito-idp:us-east-1:868245384224:userpool/us-east-1_OgWevs9vy",
        "IdentityPoolName": "amplifyapp1c53a742_identitypool_1c53a742__dev",
        "UserPoolName": "amplifyapp1c53a742_userpool_1c53a742"
      },
      "lastPushDirHash": "40+h9GbW3O6PZT4heUEI8AZhh2A="
    }
  }
}